"Symbol","Name","LastSale","MarketCap","ADR TSO","IPOyear","Sector","Industry","Summary Quote",
"AVHI","A V Homes, Inc.","16.05","362250361.8","n/a","n/a","Capital Goods","Homebuilding","http://www.nasdaq.com/symbol/avhi",
"AAON","AAON, Inc.","32.7","1725096348","n/a","n/a","Capital Goods","Industrial Machinery/Components","http://www.nasdaq.com/symbol/aaon",
"AIR","AAR Corp.","32.31","1109171411.64","n/a","n/a","Capital Goods","Aerospace","http://www.nasdaq.com/symbol/air",
"ABAX","ABAXIS, Inc.","53.6","1207876000","n/a","n/a","Capital Goods","Industrial Machinery/Components","http://www.nasdaq.com/symbol/abax",
"AXDX","Accelerate Diagnostics, Inc.","20.15","1036454482.05","n/a","n/a","Capital Goods","Biotechnology: Laboratory Analytical Instruments","http://www.nasdaq.com/symbol/axdx",
"ACU","Acme United Corporation.","26.9805","89708948.3775","n/a","n/a","Capital Goods","Industrial Machinery/Components","http://www.nasdaq.com/symbol/acu",
"WMS","Advanced Drainage Systems, Inc.","20.3","1114212291.5","n/a","n/a","Capital Goods","Containers/Packaging","http://www.nasdaq.com/symbol/wms",
"AEIS","Advanced Energy Industries, Inc.","55.62","2207488386.24","n/a","n/a","Capital Goods","Industrial Machinery/Components","http://www.nasdaq.com/symbol/aeis",
"AEHR","Aehr Test Systems","2.34","38274165.54","n/a","n/a","Capital Goods","Electrical Products","http://www.nasdaq.com/symbol/aehr",
"AEPI","AEP Industries Inc.","118","603428518","n/a","n/a","Capital Goods","Specialty Chemicals","http://www.nasdaq.com/symbol/aepi",
"AJRD","Aerojet Rocketdyne Holdings, Inc. ","18.07","1264900000","n/a","n/a","Capital Goods","Military/Government/Technical","http://www.nasdaq.com/symbol/ajrd",
"AVAV","AeroVironment, Inc.","26.38","616978341.8","n/a","n/a","Capital Goods","Aerospace","http://www.nasdaq.com/symbol/avav",
"AEMD","Aethlon Medical, Inc.","4.02","31054789.44","n/a","n/a","Capital Goods","Biotechnology: Laboratory Analytical Instruments","http://www.nasdaq.com/symbol/aemd",
"AGCO","AGCO Corporation","60.54","4859344867.74","n/a","n/a","Capital Goods","Industrial Machinery/Components","http://www.nasdaq.com/symbol/agco",
"A","Agilent Technologies, Inc.","47.99","15440680809.19","n/a","n/a","Capital Goods","Biotechnology: Laboratory Analytical Instruments","http://www.nasdaq.com/symbol/a",
"AIRI","Air Industries Group","2.9","21991178.5","n/a","n/a","Capital Goods","Military/Government/Technical","http://www.nasdaq.com/symbol/airi",
"ALG","Alamo Group, Inc.","77.41","891037945.71","n/a","n/a","Capital Goods","Industrial Machinery/Components","http://www.nasdaq.com/symbol/alg",
"AA","Alcoa Corporation","30.68","5610429970.6","n/a","n/a","Capital Goods","Metal Fabrications","http://www.nasdaq.com/symbol/aa",
"AMOT","Allied Motion Technologies, Inc.","21.27","199327784.97","n/a","n/a","Capital Goods","Electrical Products","http://www.nasdaq.com/symbol/amot",
"ALSN","Allison Transmission Holdings, Inc.","33.2","5490752020.4","n/a","n/a","Capital Goods","Auto Parts:O.E.M.","http://www.nasdaq.com/symbol/alsn",
"AIMC","Altra Industrial Motion Corp.","36.7","949954654.1","n/a","n/a","Capital Goods","Industrial Machinery/Components","http://www.nasdaq.com/symbol/aimc",
"AXL","American Axle & Manufacturing Holdings, Inc.","19.25","1472108445.5","n/a","n/a","Capital Goods","Auto Parts:O.E.M.","http://www.nasdaq.com/symbol/axl",
"ARII","American Railcar Industries, Inc.","46.96","909231630.72","n/a","n/a","Capital Goods","Railroads","http://www.nasdaq.com/symbol/arii",
"AP","Ampco-Pittsburgh Corporation","15.25","187126970.25","n/a","n/a","Capital Goods","Fluid Controls","http://www.nasdaq.com/symbol/ap",
"APH","Amphenol Corporation","68.08","21001208791.2","n/a","n/a","Capital Goods","Electrical Products","http://www.nasdaq.com/symbol/aph",
"ALOG","Analogic Corporation","82.55","1028230334.95","n/a","n/a","Capital Goods","Electrical Products","http://www.nasdaq.com/symbol/alog",
"APOG","Apogee Enterprises, Inc.","54.21","1566492221.19","n/a","n/a","Capital Goods","Auto Parts:O.E.M.","http://www.nasdaq.com/symbol/apog",
"ARCW","ARC Group Worldwide, Inc.","4.55","85519565.95","n/a","n/a","Capital Goods","Metal Fabrications","http://www.nasdaq.com/symbol/arcw",
"ARNC","Arconic Inc.","20.63","9045806978.29","n/a","n/a","Capital Goods","Metal Fabrications","http://www.nasdaq.com/symbol/arnc",
"ACAT","Arctic Cat Inc.","15.98","208501606.8","n/a","n/a","Capital Goods","Industrial Specialties","http://www.nasdaq.com/symbol/acat",
"ARTW","Art&#39;s-Way Manufacturing Co., Inc.","3.55","14587134.6","n/a","n/a","Capital Goods","Industrial Machinery/Components","http://www.nasdaq.com/symbol/artw",
"ASTE","Astec Industries, Inc.","67.67","1559408119.35","n/a","n/a","Capital Goods","Construction/Ag Equipment/Trucks","http://www.nasdaq.com/symbol/aste",
"ATRO","Astronics Corporation","34.17","1141105817.37","n/a","n/a","Capital Goods","Military/Government/Technical","http://www.nasdaq.com/symbol/atro",
"ASTC","Astrotech Corporation","1.3999","29648773.2792","n/a","n/a","Capital Goods","Military/Government/Technical","http://www.nasdaq.com/symbol/astc",
"ALV","Autoliv, Inc.","113.28","9994034770.56","n/a","n/a","Capital Goods","Auto Parts:O.E.M.","http://www.nasdaq.com/symbol/alv",
"AVX","AVX Corporation","15.84","2649215210.4","n/a","n/a","Capital Goods","Electrical Products","http://www.nasdaq.com/symbol/avx",
"BEAV","B/E Aerospace, Inc.","61.26","6224209152.78","n/a","n/a","Capital Goods","Military/Government/Technical","http://www.nasdaq.com/symbol/beav",
"BW","Babcock","16.26","791624766.6","n/a","n/a","Capital Goods","Building Products","http://www.nasdaq.com/symbol/bw",
"BMI","Badger Meter, Inc.","37.05","1078508642.25","n/a","n/a","Capital Goods","Industrial Machinery/Components","http://www.nasdaq.com/symbol/bmi",
"B","Barnes Group, Inc.","47.67","2565334402.47","n/a","n/a","Capital Goods","Metal Fabrications","http://www.nasdaq.com/symbol/b",
"BZH","Beazer Homes USA, Inc.","13.02","436765287.42","n/a","n/a","Capital Goods","Homebuilding","http://www.nasdaq.com/symbol/bzh",
"BELFA","Bel Fuse Inc.","26.5","316239446","n/a","n/a","Capital Goods","Electrical Products","http://www.nasdaq.com/symbol/belfa",
"BELFB","Bel Fuse Inc.","32.7","390227542.8","n/a","n/a","Capital Goods","Electrical Products","http://www.nasdaq.com/symbol/belfb",
"BIO","Bio-Rad Laboratories, Inc.","187.51","5539277912.4","n/a","n/a","Capital Goods","Biotechnology: Laboratory Analytical Instruments","http://www.nasdaq.com/symbol/bio",
"BLBD","Blue Bird Corporation","16.1","363951415.8","n/a","n/a","Capital Goods","Construction/Ag Equipment/Trucks","http://www.nasdaq.com/symbol/blbd",
"BXC","BlueLinx Holdings Inc.","7.5824","68478648.5712","n/a","n/a","Capital Goods","Wholesale Distributors","http://www.nasdaq.com/symbol/bxc",
"BA","Boeing Company (The)","159.1","98191095008.2","n/a","n/a","Capital Goods","Aerospace","http://www.nasdaq.com/symbol/ba",
"BNSO","Bonso Electronics International, Inc.","2.24","11545925.44","n/a","n/a","Capital Goods","Industrial Machinery/Components","http://www.nasdaq.com/symbol/bnso",
"BWA","BorgWarner Inc.","41.1","8753710543.8","n/a","n/a","Capital Goods","Auto Parts:O.E.M.","http://www.nasdaq.com/symbol/bwa",
"BWEN","Broadwind Energy, Inc.","4.09","62054482.05","n/a","n/a","Capital Goods","Metal Fabrications","http://www.nasdaq.com/symbol/bwen",
"BRKR","Bruker Corporation","22.04","3535293668.96","n/a","n/a","Capital Goods","Biotechnology: Laboratory Analytical Instruments","http://www.nasdaq.com/symbol/brkr",
"CSTE","Caesarstone Ltd.","29.35","1032833984.25","n/a","n/a","Capital Goods","Building Materials","http://www.nasdaq.com/symbol/cste",
"CAA","CalAtlantic Group, Inc.","33.42","3877936855.62","n/a","n/a","Capital Goods","Homebuilding","http://www.nasdaq.com/symbol/caa",
"CAMT","Camtek Ltd.","3.25","114881572","n/a","n/a","Capital Goods","Electronic Components","http://www.nasdaq.com/symbol/camt",
"CRR","Carbo Ceramics, Inc.","10.83","291352428.84","n/a","n/a","Capital Goods","Industrial Machinery/Components","http://www.nasdaq.com/symbol/crr",
"CAT","Caterpillar, Inc.","93.04","54435153308.4","n/a","n/a","Capital Goods","Construction/Ag Equipment/Trucks","http://www.nasdaq.com/symbol/cat",
"CECE","CECO Environmental Corp.","14.06","480310591.58","n/a","n/a","Capital Goods","Pollution Control Equipment","http://www.nasdaq.com/symbol/cece",
"CPAC","Cementos Pacasmayo S.A.A.","9.43","1027281605.72","n/a","n/a","Capital Goods","Building Materials","http://www.nasdaq.com/symbol/cpac",
"CX","Cemex S.A.B. de C.V.","8.03","11247065862.01","n/a","n/a","Capital Goods","Building Materials","http://www.nasdaq.com/symbol/cx",
"CETX","Cemtrex Inc.","8.02","79553395.52","n/a","n/a","Capital Goods","Industrial Machinery/Components","http://www.nasdaq.com/symbol/cetx",
"CCS","Century Communities, Inc.","20.9","439652232.8","n/a","n/a","Capital Goods","Homebuilding","http://www.nasdaq.com/symbol/ccs",
"KOOL","Cesca Therapeutics Inc.","3.31","32406555","n/a","n/a","Capital Goods","Medical Specialities","http://www.nasdaq.com/symbol/kool",
"GTLS","Chart Industries, Inc.","37.53","1148280827.85","n/a","n/a","Capital Goods","Metal Fabrications","http://www.nasdaq.com/symbol/gtls",
"CAAS","China Automotive Systems, Inc.","5.5","174378578","n/a","n/a","Capital Goods","Auto Parts:O.E.M.","http://www.nasdaq.com/symbol/caas",
"CCCL","China Ceramics Co., Ltd.","2.15","6020236.5","n/a","n/a","Capital Goods","Building Materials","http://www.nasdaq.com/symbol/cccl",
"CXDC","China XD Plastics Company Limited","4","198226164","n/a","n/a","Capital Goods","Containers/Packaging","http://www.nasdaq.com/symbol/cxdc",
"ZX","China Zenix Auto International Limited","1.21","62466250","n/a","n/a","Capital Goods","Auto Parts:O.E.M.","http://www.nasdaq.com/symbol/zx",
"CIR","CIRCOR International, Inc.","63","1034839764","n/a","n/a","Capital Goods","Metal Fabrications","http://www.nasdaq.com/symbol/cir",
"CLC","CLARCOR Inc.","82.35","3999150038.7","n/a","n/a","Capital Goods","Auto Parts:O.E.M.","http://www.nasdaq.com/symbol/clc",
"CDTI","Clean Diesel Technologies, Inc.","2.16","32722027.92","n/a","n/a","Capital Goods","Pollution Control Equipment","http://www.nasdaq.com/symbol/cdti",
"CLIR","ClearSign Combustion Corporation","3.5","45396435","n/a","n/a","Capital Goods","Industrial Machinery/Components","http://www.nasdaq.com/symbol/clir",
"CNHI","CNH Industrial N.V.","8.94","12184411922.34","n/a","n/a","Capital Goods","Construction/Ag Equipment/Trucks","http://www.nasdaq.com/symbol/cnhi",
"CGNX","Cognex Corporation","63.26","5419229515.24","n/a","n/a","Capital Goods","Industrial Machinery/Components","http://www.nasdaq.com/symbol/cgnx",
"COHR","Coherent, Inc.","138.69","3405176378.01","n/a","n/a","Capital Goods","Biotechnology: Laboratory Analytical Instruments","http://www.nasdaq.com/symbol/cohr",
"COHU","Cohu, Inc.","13.46","359539347.4","n/a","n/a","Capital Goods","Electrical Products","http://www.nasdaq.com/symbol/cohu",
"CFX","Colfax Corporation","36.36","4459984066.08","n/a","n/a","Capital Goods","Fluid Controls","http://www.nasdaq.com/symbol/cfx",
"CMCO","Columbus McKinnon Corporation","26.92","544664445.52","n/a","n/a","Capital Goods","Construction/Ag Equipment/Trucks","http://www.nasdaq.com/symbol/cmco",
"FIX","Comfort Systems USA, Inc.","32.8","1220466942.4","n/a","n/a","Capital Goods","Engineering & Construction","http://www.nasdaq.com/symbol/fix",
"CVGI","Commercial Vehicle Group, Inc.","5.4","163885177.8","n/a","n/a","Capital Goods","Auto Parts:O.E.M.","http://www.nasdaq.com/symbol/cvgi",
"CIX","CompX International Inc.","15.399","191241828.693","n/a","n/a","Capital Goods","Industrial Machinery/Components","http://www.nasdaq.com/symbol/cix",
"CHCI","Comstock Holding Companies, Inc.","1.71","5846019.75","n/a","n/a","Capital Goods","Homebuilding","http://www.nasdaq.com/symbol/chci",
"CBPX","Continental Building Products, Inc.","22.85","913824946.15","n/a","n/a","Capital Goods","Building Materials","http://www.nasdaq.com/symbol/cbpx",
"CUO","Continental Materials Corporation","27.57","46074074.19","n/a","n/a","Capital Goods","Building Materials","http://www.nasdaq.com/symbol/cuo",
"CTRL","Control4 Corporation","10.8","255302496","n/a","n/a","Capital Goods","Electrical Products","http://www.nasdaq.com/symbol/ctrl",
"CPS","Cooper-Standard Holdings Inc.","106.74","1884409094.52","n/a","n/a","Capital Goods","Auto Parts:O.E.M.","http://www.nasdaq.com/symbol/cps",
"CVU","CPI Aerostructures, Inc.","9.15","79935443.1","n/a","n/a","Capital Goods","Military/Government/Technical","http://www.nasdaq.com/symbol/cvu",
"CPSH","CPS Technologies Corp.","1.61","21257531.96","n/a","n/a","Capital Goods","Building Materials","http://www.nasdaq.com/symbol/cpsh",
"CR","Crane Company","73.28","4298350591.68","n/a","n/a","Capital Goods","Metal Fabrications","http://www.nasdaq.com/symbol/cr",
"CRH","CRH PLC","33.95","27971787039.35","n/a","n/a","Capital Goods","Building Materials","http://www.nasdaq.com/symbol/crh",
"CUB","Cubic Corporation","46.85","1268975679.95","n/a","n/a","Capital Goods","Industrial Machinery/Components","http://www.nasdaq.com/symbol/cub",
"CYBE","CyberOptics Corporation","28.95","199247969.7","n/a","n/a","Capital Goods","Electronic Components","http://www.nasdaq.com/symbol/cybe",
"DHI","D.R. Horton, Inc.","27.85","10394336691.9","n/a","n/a","Capital Goods","Homebuilding","http://www.nasdaq.com/symbol/dhi",
"DAN","Dana Incorporated","19.32","2778662118.12","n/a","n/a","Capital Goods","Auto Parts:O.E.M.","http://www.nasdaq.com/symbol/dan",
"DHR","Danaher Corporation","80.43","55633601350.74","n/a","n/a","Capital Goods","Industrial Machinery/Components","http://www.nasdaq.com/symbol/dhr",
"DAIO","Data I/O Corporation","4.0501","32369994.9394","n/a","n/a","Capital Goods","Electrical Products","http://www.nasdaq.com/symbol/daio",
"DE","Deere & Company","106.49","33743766581.68","n/a","n/a","Capital Goods","Industrial Machinery/Components","http://www.nasdaq.com/symbol/de",
"DLPH","Delphi Automotive plc","69.17","18733979973.9","n/a","n/a","Capital Goods","Auto Parts:O.E.M.","http://www.nasdaq.com/symbol/dlph",
"DPW","Digital Power Corporation","0.65","4990464.05","n/a","n/a","Capital Goods","Industrial Machinery/Components","http://www.nasdaq.com/symbol/dpw",
"BOOM","DMC Global Inc.","15.75","228095610.75","n/a","n/a","Capital Goods","Industrial Specialties","http://www.nasdaq.com/symbol/boom",
"DCI","Donaldson Company, Inc.","41.97","5542416215.49","n/a","n/a","Capital Goods","Pollution Control Equipment","http://www.nasdaq.com/symbol/dci",
"DORM","Dorman Products, Inc.","69.72","2413256496.84","n/a","n/a","Capital Goods","Auto Parts:O.E.M.","http://www.nasdaq.com/symbol/dorm",
"PLOW","Douglas Dynamics, Inc.","32.85","739178874","n/a","n/a","Capital Goods","Construction/Ag Equipment/Trucks","http://www.nasdaq.com/symbol/plow",
"DCO","Ducommun Incorporated","25.3","282693572.7","n/a","n/a","Capital Goods","Military/Government/Technical","http://www.nasdaq.com/symbol/dco",
"DXPE","DXP Enterprises, Inc.","36.21","627753542.49","n/a","n/a","Capital Goods","Industrial Machinery/Components","http://www.nasdaq.com/symbol/dxpe",
"DYSL","Dynasil Corporation of America","1.31","22147207.15","n/a","n/a","Capital Goods","Industrial Machinery/Components","http://www.nasdaq.com/symbol/dysl",
"EXP","Eagle Materials Inc","100.58","4850331397.86","n/a","n/a","Capital Goods","Building Materials","http://www.nasdaq.com/symbol/exp",
"EACQ","Easterly Acquisition Corp.","9.86","246500000","n/a","n/a","Capital Goods","Building Products","http://www.nasdaq.com/symbol/eacq",
"EACQU","Easterly Acquisition Corp.","10.05","0","n/a","n/a","Capital Goods","Building Products","http://www.nasdaq.com/symbol/eacqu",
"EACQW","Easterly Acquisition Corp.","0.45","0","n/a","n/a","Capital Goods","Building Products","http://www.nasdaq.com/symbol/eacqw",
"EML","Eastern Company (The)","21.25","132903598.75","n/a","n/a","Capital Goods","Industrial Machinery/Components","http://www.nasdaq.com/symbol/eml",
"EKSO","Ekso Bionics Holdings, Inc.","4.16","91024789.44","n/a","n/a","Capital Goods","Industrial Machinery/Components","http://www.nasdaq.com/symbol/ekso",
"ESLT","Elbit Systems Ltd.","102.31","4373268880.63","n/a","n/a","Capital Goods","Military/Government/Technical","http://www.nasdaq.com/symbol/eslt",
"ELSE","Electro-Sensors, Inc.","3.54","12020144.34","n/a","n/a","Capital Goods","Industrial Machinery/Components","http://www.nasdaq.com/symbol/else",
"ERJ","Embraer-Empresa Brasileira de Aeronautica","20.48","3760694640.64","n/a","n/a","Capital Goods","Aerospace","http://www.nasdaq.com/symbol/erj",
"EME","EMCOR Group, Inc.","69.95","4242220996.2","n/a","n/a","Capital Goods","Engineering & Construction","http://www.nasdaq.com/symbol/eme",
"WIRE","Encore Wire Corporation","43.65","904639615.2","n/a","n/a","Capital Goods","Metal Fabrications","http://www.nasdaq.com/symbol/wire",
"ESP","Espey Mfg. & Electronics Corp.","26.32","62238482.88","n/a","n/a","Capital Goods","Industrial Machinery/Components","http://www.nasdaq.com/symbol/esp",
"ESL","Esterline Technologies Corporation","88.45","2621728760","n/a","n/a","Capital Goods","Industrial Machinery/Components","http://www.nasdaq.com/symbol/esl",
"EXFO","EXFO Inc","4.75","108297069.25","n/a","n/a","Capital Goods","Electrical Products","http://www.nasdaq.com/symbol/exfo",
"FARO","FARO Technologies, Inc.","38.2","636961086.8","n/a","n/a","Capital Goods","Industrial Machinery/Components","http://www.nasdaq.com/symbol/faro",
"FSS","Federal Signal Corporation","15.91","953092082.02","n/a","n/a","Capital Goods","Auto Manufacturing","http://www.nasdaq.com/symbol/fss",
"FDML","Federal-Mogul Holdings Corporation","10.03","1695477729.53","n/a","n/a","Capital Goods","Auto Parts:O.E.M.","http://www.nasdaq.com/symbol/fdml",
"RACE","Ferrari N.V.","58.94","14464947941.78","n/a","n/a","Capital Goods","Auto Manufacturing","http://www.nasdaq.com/symbol/race",
"GSM","Ferroglobe PLC","9.8","1684013899.4","n/a","n/a","Capital Goods","Metal Fabrications","http://www.nasdaq.com/symbol/gsm",
"FCAU","Fiat Chrysler Automobiles N.V.","10.42","17693346757.66","n/a","n/a","Capital Goods","Auto Manufacturing","http://www.nasdaq.com/symbol/fcau",
"FLIR","FLIR Systems, Inc.","35.92","4889786726.4","n/a","n/a","Capital Goods","Industrial Machinery/Components","http://www.nasdaq.com/symbol/flir",
"FLS","Flowserve Corporation","48.86","6373888482.22","n/a","n/a","Capital Goods","Fluid Controls","http://www.nasdaq.com/symbol/fls",
"FLDM","Fluidigm Corporation","8.05","234401027","n/a","n/a","Capital Goods","Biotechnology: Laboratory Analytical Instruments","http://www.nasdaq.com/symbol/fldm",
"F","Ford Motor Company","12.76","50704598589.48","n/a","n/a","Capital Goods","Auto Manufacturing","http://www.nasdaq.com/symbol/f",
"FRTA","Forterra, Inc.","20.33","1299623183.42","n/a","n/a","Capital Goods","Building Materials","http://www.nasdaq.com/symbol/frta",
"FTV","Fortive Corporation","53.87","18624935850.11","n/a","n/a","Capital Goods","Industrial Machinery/Components","http://www.nasdaq.com/symbol/ftv",
"RAIL","Freightcar America, Inc.","15.9","196917207","n/a","n/a","Capital Goods","Railroads","http://www.nasdaq.com/symbol/rail",
"FEIM","Frequency Electronics, Inc.","10.8","94280565.6","n/a","n/a","Capital Goods","Electrical Products","http://www.nasdaq.com/symbol/feim",
"FRD","Friedman Industries Inc.","6.72","45692263.68","n/a","n/a","Capital Goods","Steel/Iron Ore","http://www.nasdaq.com/symbol/frd",
"FTEK","Fuel Tech, Inc.","1.19","27900781.65","n/a","n/a","Capital Goods","Pollution Control Equipment","http://www.nasdaq.com/symbol/ftek",
"FFHL","Fuwei Films (Holdings) Co., Ltd.","2.1","1714452.6","n/a","n/a","Capital Goods","Specialty Chemicals","http://www.nasdaq.com/symbol/ffhl",
"GRMN","Garmin Ltd.","49.04","9241412338.72","n/a","n/a","Capital Goods","Industrial Machinery/Components","http://www.nasdaq.com/symbol/grmn",
"GENC","Gencor Industries Inc.","15.95","229280229.2","n/a","n/a","Capital Goods","Construction/Ag Equipment/Trucks","http://www.nasdaq.com/symbol/genc",
"GD","General Dynamics Corporation","177.46","54040039343","n/a","n/a","Capital Goods","Marine Transportation","http://www.nasdaq.com/symbol/gd",
"GM","General Motors Company","35.99","54420983183.91","n/a","n/a","Capital Goods","Auto Manufacturing","http://www.nasdaq.com/symbol/gm",
"GNTX","Gentex Corporation","20.52","5879177463.96","n/a","n/a","Capital Goods","Auto Parts:O.E.M.","http://www.nasdaq.com/symbol/gntx",
"THRM","Gentherm Inc","34.1","1245002525.8","n/a","n/a","Capital Goods","Auto Parts:O.E.M.","http://www.nasdaq.com/symbol/thrm",
"GPC","Genuine Parts Company","96.16","14302573094.56","n/a","n/a","Capital Goods","Automotive Aftermarket","http://www.nasdaq.com/symbol/gpc",
"GEOS","Geospace Technologies Corporation","23.44","314812467.04","n/a","n/a","Capital Goods","Industrial Machinery/Components","http://www.nasdaq.com/symbol/geos",
"GGB","Gerdau S.A.","3.56","6078702413.68","n/a","n/a","Capital Goods","Steel/Iron Ore","http://www.nasdaq.com/symbol/ggb",
"ROCK","Gibraltar Industries, Inc.","41.35","1303630988.45","n/a","n/a","Capital Goods","Steel/Iron Ore","http://www.nasdaq.com/symbol/rock",
"GIGA","Giga-tronics Incorporated","0.73","6971283.19","n/a","n/a","Capital Goods","Electrical Products","http://www.nasdaq.com/symbol/giga",
"BRSS","Global Brass and Copper Holdings, Inc.","32.65","705730958.05","n/a","n/a","Capital Goods","Metal Fabrications","http://www.nasdaq.com/symbol/brss",
"GRC","Gorman-Rupp Company (The)","30.79","803345677.17","n/a","n/a","Capital Goods","Fluid Controls","http://www.nasdaq.com/symbol/grc",
"GGG","Graco Inc.","84.33","4695831720","n/a","n/a","Capital Goods","Fluid Controls","http://www.nasdaq.com/symbol/ggg",
"GRBK","Green Brick Partners, Inc.","9.9","484477131.6","n/a","n/a","Capital Goods","Homebuilding","http://www.nasdaq.com/symbol/grbk",
"GBX","Greenbrier Companies, Inc. (The)","46.7","1324591608.2","n/a","n/a","Capital Goods","Railroads","http://www.nasdaq.com/symbol/gbx",
"GFF","Griffon Corporation","25.4","1139362364.4","n/a","n/a","Capital Goods","Building Products","http://www.nasdaq.com/symbol/gff",
"GIFI","Gulf Island Fabrication, Inc.","13.25","194039717.75","n/a","n/a","Capital Goods","Metal Fabrications","http://www.nasdaq.com/symbol/gifi",
"HNH","Handy & Harman Ltd.","26.25","321319320","n/a","n/a","Capital Goods","Industrial Specialties","http://www.nasdaq.com/symbol/hnh",
"HDNG","Hardinge Inc.","11.46","147784378.2","n/a","n/a","Capital Goods","Industrial Machinery/Components","http://www.nasdaq.com/symbol/hdng",
"HRS","Harris Corporation","104.55","12993133898.85","n/a","n/a","Capital Goods","Industrial Machinery/Components","http://www.nasdaq.com/symbol/hrs",
"HSC","Harsco Corporation","13.9","1114431985.7","n/a","n/a","Capital Goods","Metal Fabrications","http://www.nasdaq.com/symbol/hsc",
"HBIO","Harvard Bioscience, Inc.","2.85","97966883.25","n/a","n/a","Capital Goods","Biotechnology: Laboratory Analytical Instruments","http://www.nasdaq.com/symbol/hbio",
"HAYN","Haynes International, Inc.","42.65","532747504.85","n/a","n/a","Capital Goods","Steel/Iron Ore","http://www.nasdaq.com/symbol/hayn",
"HCHC","HC2 Holdings, Inc.","6.68","279350545.92","n/a","n/a","Capital Goods","Metal Fabrications","http://www.nasdaq.com/symbol/hchc",
"HW","Headwaters Incorporated","23.39","1751528737.23","n/a","n/a","Capital Goods","Building Materials","http://www.nasdaq.com/symbol/hw",
"HEI","Heico Corporation","78.21","5264855687.52","n/a","n/a","Capital Goods","Aerospace","http://www.nasdaq.com/symbol/hei",
"HIHO","Highway Holdings Limited","3.4","12926371.6","n/a","n/a","Capital Goods","Metal Fabrications","http://www.nasdaq.com/symbol/hiho",
"HMC","Honda Motor Company, Ltd.","30.47","54915578823.93","n/a","n/a","Capital Goods","Auto Manufacturing","http://www.nasdaq.com/symbol/hmc",
"HON","Honeywell International Inc.","118.53","90334641757.77","n/a","n/a","Capital Goods","Auto Parts:O.E.M.","http://www.nasdaq.com/symbol/hon",
"HZN","Horizon Global Corporation","23.13","483387532.38","n/a","n/a","Capital Goods","Auto Parts:O.E.M.","http://www.nasdaq.com/symbol/hzn",
"HOV","Hovnanian Enterprises Inc","2.72","400648038.56","n/a","n/a","Capital Goods","Homebuilding","http://www.nasdaq.com/symbol/hov",
"HOVNP","Hovnanian Enterprises Inc","7.599","37995000","n/a","n/a","Capital Goods","Homebuilding","http://www.nasdaq.com/symbol/hovnp",
"HTGM","HTG Molecular Diagnostics, Inc.","2.169","15324535.926","n/a","n/a","Capital Goods","Biotechnology: Laboratory Analytical Instruments","http://www.nasdaq.com/symbol/htgm",
"HUBB","Hubbell Inc","118.44","6556465077.12","n/a","n/a","Capital Goods","Electrical Products","http://www.nasdaq.com/symbol/hubb",
"HII","Huntington Ingalls Industries, Inc.","193.55","8974154977.55","n/a","n/a","Capital Goods","Marine Transportation","http://www.nasdaq.com/symbol/hii",
"HURC","Hurco Companies, Inc.","33.7","221513571.1","n/a","n/a","Capital Goods","Industrial Machinery/Components","http://www.nasdaq.com/symbol/hurc",
"HY","Hyster-Yale Materials Handling, Inc.","63.19","1035731745.26","n/a","n/a","Capital Goods","Construction/Ag Equipment/Trucks","http://www.nasdaq.com/symbol/hy",
"IEP","Icahn Enterprises L.P.","62.22","8816176849.74","n/a","n/a","Capital Goods","Auto Parts:O.E.M.","http://www.nasdaq.com/symbol/iep",
"IEX","IDEX Corporation","90.6","6907547397","n/a","n/a","Capital Goods","Fluid Controls","http://www.nasdaq.com/symbol/iex",
"IESC","IES Holdings, Inc.","19","407673937","n/a","n/a","Capital Goods","Engineering & Construction","http://www.nasdaq.com/symbol/iesc",
"IIVI","II-VI Incorporated","29.35","1827893522.1","n/a","n/a","Capital Goods","Electronic Components","http://www.nasdaq.com/symbol/iivi",
"ILMN","Illumina, Inc.","141.49","20784881000","n/a","n/a","Capital Goods","Biotechnology: Laboratory Analytical Instruments","http://www.nasdaq.com/symbol/ilmn",
"ISNS","Image Sensing Systems, Inc.","3.625","18375734","n/a","n/a","Capital Goods","Industrial Machinery/Components","http://www.nasdaq.com/symbol/isns",
"PI","Impinj, Inc.","32.36","657151411.92","n/a","n/a","Capital Goods","Industrial Machinery/Components","http://www.nasdaq.com/symbol/pi",
"IR","Ingersoll-Rand plc (Ireland)","75.06","19390313300.76","n/a","n/a","Capital Goods","Auto Parts:O.E.M.","http://www.nasdaq.com/symbol/ir",
"IIIN","Insteel Industries, Inc.","35.72","677809896.52","n/a","n/a","Capital Goods","Steel/Iron Ore","http://www.nasdaq.com/symbol/iiin",
"IART","Integra LifeSciences Holdings Corporation","43.84","3279511874.56","n/a","n/a","Capital Goods","Biotechnology: Laboratory Analytical Instruments","http://www.nasdaq.com/symbol/iart",
"INTT","inTest Corporation","4.45","46176626.5","n/a","n/a","Capital Goods","Electrical Products","http://www.nasdaq.com/symbol/intt",
"IIN","IntriCon Corporation","6.6","44890824","n/a","n/a","Capital Goods","Electrical Products","http://www.nasdaq.com/symbol/iin",
"ITRI","Itron, Inc.","63.95","2446635935.2","n/a","n/a","Capital Goods","Electrical Products","http://www.nasdaq.com/symbol/itri",
"ITT","ITT Inc.","40.57","3578274000","n/a","n/a","Capital Goods","Fluid Controls","http://www.nasdaq.com/symbol/itt",
"XXIA","Ixia","16.75","1375441325","n/a","n/a","Capital Goods","Electrical Products","http://www.nasdaq.com/symbol/xxia",
"JHX","James Hardie Industries plc.","15.91","7010091194.66","n/a","n/a","Capital Goods","Building Materials","http://www.nasdaq.com/symbol/jhx",
"KALU","Kaiser Aluminum Corporation","79.14","1417322454.42","n/a","n/a","Capital Goods","Metal Fabrications","http://www.nasdaq.com/symbol/kalu",
"KNDI","Kandi Technologies Group, Inc.","5","238498190","n/a","n/a","Capital Goods","Auto Manufacturing","http://www.nasdaq.com/symbol/kndi",
"KBH","KB Home","16.21","1374171837.53","n/a","n/a","Capital Goods","Homebuilding","http://www.nasdaq.com/symbol/kbh",
"KIQ","Kelso Technologies Inc","0.95","44091164.4","n/a","n/a","Capital Goods","Railroads","http://www.nasdaq.com/symbol/kiq",
"KEM","Kemet Corporation","6.35","293894795.75","n/a","n/a","Capital Goods","Electrical Products","http://www.nasdaq.com/symbol/kem",
"KMT","Kennametal Inc.","32.21","2574672046.35","n/a","n/a","Capital Goods","Industrial Machinery/Components","http://www.nasdaq.com/symbol/kmt",
"KEQU","Kewaunee Scientific Corporation","25.25","68460552.25","n/a","n/a","Capital Goods","Medical Specialities","http://www.nasdaq.com/symbol/kequ",
"KEYS","Keysight Technologies Inc.","36.2","6206324312.6","n/a","n/a","Capital Goods","Industrial Machinery/Components","http://www.nasdaq.com/symbol/keys",
"KLAC","KLA-Tencor Corporation","79.13","12369501263.16","n/a","n/a","Capital Goods","Electronic Components","http://www.nasdaq.com/symbol/klac",
"KLXI","KLX Inc.","45.77","2403324755.18","n/a","n/a","Capital Goods","Aerospace","http://www.nasdaq.com/symbol/klxi",
"KRNT","Kornit Digital Ltd.","12.65","383243767.5","n/a","n/a","Capital Goods","Industrial Machinery/Components","http://www.nasdaq.com/symbol/krnt",
"KTOS","Kratos Defense & Security Solutions, Inc.","7.26","536837309.58","n/a","n/a","Capital Goods","Military/Government/Technical","http://www.nasdaq.com/symbol/ktos",
"SCX","L.S. Starrett Company (The)","9.8021","69077770.8082","n/a","n/a","Capital Goods","Industrial Machinery/Components","http://www.nasdaq.com/symbol/scx",
"LDR","Landauer, Inc.","50.2","483020735.4","n/a","n/a","Capital Goods","Industrial Machinery/Components","http://www.nasdaq.com/symbol/ldr",
"LEA","Lear Corporation","136.9","9611165121.5","n/a","n/a","Capital Goods","Auto Parts:O.E.M.","http://www.nasdaq.com/symbol/lea",
"LII","Lennox International, Inc.","151.91","6539391753.73","n/a","n/a","Capital Goods","Industrial Machinery/Components","http://www.nasdaq.com/symbol/lii",
"LPL","LG Display Co., Ltd.","13.35","9553679190","n/a","n/a","Capital Goods","Industrial Machinery/Components","http://www.nasdaq.com/symbol/lpl",
"LGIH","LGI Homes, Inc.","29.63","630600889.82","n/a","n/a","Capital Goods","Homebuilding","http://www.nasdaq.com/symbol/lgih",
"LGL","LGL Group, Inc. (The)","4.62","12310285.68","n/a","n/a","Capital Goods","Industrial Machinery/Components","http://www.nasdaq.com/symbol/lgl",
"LBY","Libbey, Inc.","18.91","413065539.42","n/a","n/a","Capital Goods","Industrial Machinery/Components","http://www.nasdaq.com/symbol/lby",
"LCUT","Lifetime Brands, Inc.","16.95","244605907.65","n/a","n/a","Capital Goods","Industrial Machinery/Components","http://www.nasdaq.com/symbol/lcut",
"LNN","Lindsay Corporation","75.08","799863203.32","n/a","n/a","Capital Goods","Industrial Machinery/Components","http://www.nasdaq.com/symbol/lnn",
"LMIA","LMI Aerospace, Inc.","9.18","125147644.38","n/a","n/a","Capital Goods","Military/Government/Technical","http://www.nasdaq.com/symbol/lmia",
"LMT","Lockheed Martin Corporation","257.85","75544210728.9","n/a","n/a","Capital Goods","Military/Government/Technical","http://www.nasdaq.com/symbol/lmt",
"LDL","Lydall, Inc.","61.55","1056033169.1","n/a","n/a","Capital Goods","Auto Parts:O.E.M.","http://www.nasdaq.com/symbol/ldl",
"WLH","Lyon William Homes","18.1","573765728.4","n/a","n/a","Capital Goods","Homebuilding","http://www.nasdaq.com/symbol/wlh",
"MDC","M.D.C. Holdings, Inc.","26.06","1341716742.62","n/a","n/a","Capital Goods","Homebuilding","http://www.nasdaq.com/symbol/mdc",
"MHO","M/I Homes, Inc.","25.06","618200954.98","n/a","n/a","Capital Goods","Homebuilding","http://www.nasdaq.com/symbol/mho",
"MGA","Magna International, Inc.","45.06","17273948137.5","n/a","n/a","Capital Goods","Auto Parts:O.E.M.","http://www.nasdaq.com/symbol/mga",
"MBUU","Malibu Boats, Inc.","18.77","332643404.06","n/a","n/a","Capital Goods","Marine Transportation","http://www.nasdaq.com/symbol/mbuu",
"MTW","Manitowoc Company, Inc. (The)","5.86","813204429.82","n/a","n/a","Capital Goods","Construction/Ag Equipment/Trucks","http://www.nasdaq.com/symbol/mtw",
"MPX","Marine Products Corporation","14.11","541194990.31","n/a","n/a","Capital Goods","Marine Transportation","http://www.nasdaq.com/symbol/mpx",
"MTRN","Materion Corporation","39.35","784554869.7","n/a","n/a","Capital Goods","Industrial Specialties","http://www.nasdaq.com/symbol/mtrn",
"MATW","Matthews International Corporation","76","2442768060","n/a","n/a","Capital Goods","Metal Fabrications","http://www.nasdaq.com/symbol/matw",
"MCFT","MCBC Holdings, Inc.","14.63","272652594.83","n/a","n/a","Capital Goods","Marine Transportation","http://www.nasdaq.com/symbol/mcft",
"MDR","McDermott International, Inc.","7.31","1764192285.94","n/a","n/a","Capital Goods","Metal Fabrications","http://www.nasdaq.com/symbol/mdr",
"MRCY","Mercury Systems Inc","29.66","1216502942.44","n/a","n/a","Capital Goods","Electrical Products","http://www.nasdaq.com/symbol/mrcy",
"MTH","Meritage Corporation","34.7","1388866944.8","n/a","n/a","Capital Goods","Homebuilding","http://www.nasdaq.com/symbol/mth",
"MTOR","Meritor, Inc.","13.23","1166484178.44","n/a","n/a","Capital Goods","Auto Parts:O.E.M.","http://www.nasdaq.com/symbol/mtor",
"MLAB","Mesa Laboratories, Inc.","121.13","445695533.53","n/a","n/a","Capital Goods","Industrial Machinery/Components","http://www.nasdaq.com/symbol/mlab",
"MPG","Metaldyne Performance Group Inc.","22.6","1506994645.4","n/a","n/a","Capital Goods","Auto Parts:O.E.M.","http://www.nasdaq.com/symbol/mpg",
"MEI","Methode Electronics, Inc.","41.05","1508326339.9","n/a","n/a","Capital Goods","Electrical Products","http://www.nasdaq.com/symbol/mei",
"MTD","Mettler-Toledo International, Inc.","432.56","11348453833.6","n/a","n/a","Capital Goods","Biotechnology: Laboratory Analytical Instruments","http://www.nasdaq.com/symbol/mtd",
"MFRI","MFRI, Inc.","8.35","63200699.1","n/a","n/a","Capital Goods","Pollution Control Equipment","http://www.nasdaq.com/symbol/mfri",
"MICT","Micronet Enertec Technologies, Inc.","1.32","8428321.44","n/a","n/a","Capital Goods","Electrical Products","http://www.nasdaq.com/symbol/mict",
"MICTW","Micronet Enertec Technologies, Inc.","0.0896","0","n/a","n/a","Capital Goods","Electrical Products","http://www.nasdaq.com/symbol/mictw",
"MVIS","Microvision, Inc.","1.3","88521147","n/a","n/a","Capital Goods","Industrial Machinery/Components","http://www.nasdaq.com/symbol/mvis",
"MLR","Miller Industries, Inc.","26.45","300090062","n/a","n/a","Capital Goods","Construction/Ag Equipment/Trucks","http://www.nasdaq.com/symbol/mlr",
"MSON","MISONIX, Inc.","10.35","88501338.9","n/a","n/a","Capital Goods","Medical Specialities","http://www.nasdaq.com/symbol/mson",
"MKSI","MKS Instruments, Inc.","60.05","3218242535.75","n/a","n/a","Capital Goods","Industrial Machinery/Components","http://www.nasdaq.com/symbol/mksi",
"MINI","Mobile Mini, Inc.","29.6","1316072240","n/a","n/a","Capital Goods","Metal Fabrications","http://www.nasdaq.com/symbol/mini",
"MOCO","MOCON, Inc.","19.475","113154618.75","n/a","n/a","Capital Goods","Industrial Machinery/Components","http://www.nasdaq.com/symbol/moco",
"MOD","Modine Manufacturing Company","14.75","704729526.75","n/a","n/a","Capital Goods","Auto Parts:O.E.M.","http://www.nasdaq.com/symbol/mod",
"MPAA","Motorcar Parts of America, Inc.","27.91","520945620.36","n/a","n/a","Capital Goods","Auto Parts:O.E.M.","http://www.nasdaq.com/symbol/mpaa",
"MRC","MRC Global Inc.","20.59","1962191502.84","n/a","n/a","Capital Goods","Industrial Machinery/Components","http://www.nasdaq.com/symbol/mrc",
"MSM","MSC Industrial Direct Company, Inc.","92","5212994252","n/a","n/a","Capital Goods","Industrial Machinery/Components","http://www.nasdaq.com/symbol/msm",
"MTSC","MTS Systems Corporation","57.2","953809542.4","n/a","n/a","Capital Goods","Industrial Machinery/Components","http://www.nasdaq.com/symbol/mtsc",
"MLI","Mueller Industries, Inc.","39.72","2279081765.4","n/a","n/a","Capital Goods","Metal Fabrications","http://www.nasdaq.com/symbol/mli",
"MWA","MUELLER WATER PRODUCTS","13.35","2163576520.95","n/a","n/a","Capital Goods","Metal Fabrications","http://www.nasdaq.com/symbol/mwa",
"NANO","Nanometrics Incorporated","24.89","620170938.3","n/a","n/a","Capital Goods","Industrial Machinery/Components","http://www.nasdaq.com/symbol/nano",
"NPK","National Presto Industries, Inc.","104.85","728567420.4","n/a","n/a","Capital Goods","Ordnance And Accessories","http://www.nasdaq.com/symbol/npk",
"SID","National Steel Company","3.46","4695680342.62","n/a","n/a","Capital Goods","Steel/Iron Ore","http://www.nasdaq.com/symbol/sid",
"NAV","Navistar International Corporation","30.57","2497887539.4","n/a","n/a","Capital Goods","Auto Manufacturing","http://www.nasdaq.com/symbol/nav",
"NAV^D","Navistar International Corporation","10","0","n/a","n/a","Capital Goods","Auto Manufacturing","http://www.nasdaq.com/symbol/nav^d",
"NCS","NCI Building Systems, Inc.","15.9","1132572279.9","n/a","n/a","Capital Goods","Metal Fabrications","http://www.nasdaq.com/symbol/ncs",
"NEON","Neonode Inc.","1.72","84012545.16","n/a","n/a","Capital Goods","Industrial Machinery/Components","http://www.nasdaq.com/symbol/neon",
"NWHM","New Home Company Inc. (The)","11.57","239637284.64","n/a","n/a","Capital Goods","Homebuilding","http://www.nasdaq.com/symbol/nwhm",
"NFEC","NF Energy Saving Corporation","0.94","6254091.66","n/a","n/a","Capital Goods","Metal Fabrications","http://www.nasdaq.com/symbol/nfec",
"NNBR","NN, Inc.","19.2","523001030.4","n/a","n/a","Capital Goods","Metal Fabrications","http://www.nasdaq.com/symbol/nnbr",
"NDSN","Nordson Corporation","111.92","6418485866.16","n/a","n/a","Capital Goods","Industrial Machinery/Components","http://www.nasdaq.com/symbol/ndsn",
"NSAT","Norsat International Inc.","7.95","46498023.6","n/a","n/a","Capital Goods","Industrial Machinery/Components","http://www.nasdaq.com/symbol/nsat",
"NSYS","Nortech Systems Incorporated","3.81","10469236.11","n/a","n/a","Capital Goods","Industrial Machinery/Components","http://www.nasdaq.com/symbol/nsys",
"NTIC","Northern Technologies International Corporation","13.8","62583966","n/a","n/a","Capital Goods","Industrial Specialties","http://www.nasdaq.com/symbol/ntic",
"NOC","Northrop Grumman Corporation","236.73","41726490713.31","n/a","n/a","Capital Goods","Industrial Machinery/Components","http://www.nasdaq.com/symbol/noc",
"NVMI","Nova Measuring Instruments Ltd.","14.15","383414569.4","n/a","n/a","Capital Goods","Electronic Components","http://www.nasdaq.com/symbol/nvmi",
"NVR","NVR, Inc.","1678.1","6316554669.1","n/a","n/a","Capital Goods","Homebuilding","http://www.nasdaq.com/symbol/nvr",
"OFLX","Omega Flex, Inc.","51.9","523765561.8","n/a","n/a","Capital Goods","Industrial Specialties","http://www.nasdaq.com/symbol/oflx",
"OA","Orbital ATK, Inc.","90.11","5276584786.5","n/a","n/a","Capital Goods","Military/Government/Technical","http://www.nasdaq.com/symbol/oa",
"ORBK","Orbotech Ltd.","32.57","1547075000","n/a","n/a","Capital Goods","Industrial Machinery/Components","http://www.nasdaq.com/symbol/orbk",
"OSK","Oshkosh Corporation","67.08","5002078256.76","n/a","n/a","Capital Goods","Auto Manufacturing","http://www.nasdaq.com/symbol/osk",
"OC","Owens Corning Inc","52.14","5908686090.78","n/a","n/a","Capital Goods","Industrial Machinery/Components","http://www.nasdaq.com/symbol/oc",
"PCAR","PACCAR Inc.","65.88","23093395413.48","n/a","n/a","Capital Goods","Auto Manufacturing","http://www.nasdaq.com/symbol/pcar",
"PACB","Pacific Biosciences of California, Inc.","4.85","449336747.2","n/a","n/a","Capital Goods","Biotechnology: Laboratory Analytical Instruments","http://www.nasdaq.com/symbol/pacb",
"PH","Parker-Hannifin Corporation","141.49","18874550369.24","n/a","n/a","Capital Goods","Metal Fabrications","http://www.nasdaq.com/symbol/ph",
"PKOH","Park-Ohio Holdings Corp.","42.1","521522380.5","n/a","n/a","Capital Goods","Industrial Specialties","http://www.nasdaq.com/symbol/pkoh",
"PRCP","Perceptron, Inc.","6.75","63308223","n/a","n/a","Capital Goods","Electronic Components","http://www.nasdaq.com/symbol/prcp",
"PKI","PerkinElmer, Inc.","53.11","5817955078.69","n/a","n/a","Capital Goods","Biotechnology: Laboratory Analytical Instruments","http://www.nasdaq.com/symbol/pki",
"PGTI","PGT Innovations, Inc.","11.2","548767240","n/a","n/a","Capital Goods","Building Products","http://www.nasdaq.com/symbol/pgti",
"PII","Polaris Industries Inc.","86.56","5545599356.16","n/a","n/a","Capital Goods","Industrial Specialties","http://www.nasdaq.com/symbol/pii",
"PRLB","Proto Labs, Inc.","51.9","1371822616.5","n/a","n/a","Capital Goods","Metal Fabrications","http://www.nasdaq.com/symbol/prlb",
"PSDV","pSivida Corp.","1.9","64936298.1","n/a","n/a","Capital Goods","Biotechnology: Laboratory Analytical Instruments","http://www.nasdaq.com/symbol/psdv",
"PHM","PulteGroup, Inc.","18.46","6105455729.62","n/a","n/a","Capital Goods","Homebuilding","http://www.nasdaq.com/symbol/phm",
"NX","Quanex Building Products Corporation","20.55","702868300.35","n/a","n/a","Capital Goods","Metal Fabrications","http://www.nasdaq.com/symbol/nx",
"PWR","Quanta Services, Inc.","34.9","5049193900.7","n/a","n/a","Capital Goods","Engineering & Construction","http://www.nasdaq.com/symbol/pwr",
"RAVN","Raven Industries, Inc.","24.35","880466926.1","n/a","n/a","Capital Goods","Specialty Chemicals","http://www.nasdaq.com/symbol/ravn",
"RTN","Raytheon Company","148.22","43524358340","n/a","n/a","Capital Goods","Industrial Machinery/Components","http://www.nasdaq.com/symbol/rtn",
"ROLL","RBC Bearings Incorporated","91.76","2179742833.76","n/a","n/a","Capital Goods","Metal Fabrications","http://www.nasdaq.com/symbol/roll",
"RFIL","RF Industries, Ltd.","1.65","14578546.95","n/a","n/a","Capital Goods","Electrical Products","http://www.nasdaq.com/symbol/rfil",
"ROK","Rockwell Automation, Inc.","138.51","17829572459.31","n/a","n/a","Capital Goods","Industrial Machinery/Components","http://www.nasdaq.com/symbol/rok",
"COL","Rockwell Collins, Inc.","93.03","12144214438.23","n/a","n/a","Capital Goods","Military/Government/Technical","http://www.nasdaq.com/symbol/col",
"ROKA","Roka Bioscience, Inc.","4.58","8432334.18","n/a","n/a","Capital Goods","Biotechnology: Laboratory Analytical Instruments","http://www.nasdaq.com/symbol/roka",
"ROP","Roper Technologies, Inc.","187.87","19056443341.87","n/a","n/a","Capital Goods","Industrial Machinery/Components","http://www.nasdaq.com/symbol/rop",
"RTEC","Rudolph Technologies, Inc.","23.15","718028409.9","n/a","n/a","Capital Goods","Industrial Machinery/Components","http://www.nasdaq.com/symbol/rtec",
"SMIT","Schmitt Industries, Inc.","1.67","5003169.7","n/a","n/a","Capital Goods","Industrial Machinery/Components","http://www.nasdaq.com/symbol/smit",
"ST","Sensata Technologies Holding N.V.","39.87","6812197489.71","n/a","n/a","Capital Goods","Industrial Machinery/Components","http://www.nasdaq.com/symbol/st",
"SENS","Senseonics Holdings, Inc.","2.84","265228088.48","n/a","n/a","Capital Goods","Industrial Machinery/Components","http://www.nasdaq.com/symbol/sens",
"SVT","Servotronics, Inc.","9.88","24376281.8","n/a","n/a","Capital Goods","Industrial Machinery/Components","http://www.nasdaq.com/symbol/svt",
"SHLO","Shiloh Industries, Inc.","7.34","129287171.04","n/a","n/a","Capital Goods","Industrial Specialties","http://www.nasdaq.com/symbol/shlo",
"SIF","SIFCO Industries, Inc.","7.6","41991945.6","n/a","n/a","Capital Goods","Aerospace","http://www.nasdaq.com/symbol/sif",
"SSD","Simpson Manufacturing Company, Inc.","44.2","2101569532.4","n/a","n/a","Capital Goods","Industrial Machinery/Components","http://www.nasdaq.com/symbol/ssd",
"SNA","Snap-On Incorporated","173.19","10049367242.19","n/a","n/a","Capital Goods","Industrial Machinery/Components","http://www.nasdaq.com/symbol/sna",
"SORL","SORL Auto Parts, Inc.","3.19","61582697.99","n/a","n/a","Capital Goods","Auto Parts:O.E.M.","http://www.nasdaq.com/symbol/sorl",
"SPAR","Spartan Motors, Inc.","9.15","314790862.95","n/a","n/a","Capital Goods","Auto Manufacturing","http://www.nasdaq.com/symbol/spar",
"SPR","Spirit Aerosystems Holdings, Inc.","59.78","7272319615.96","n/a","n/a","Capital Goods","Military/Government/Technical","http://www.nasdaq.com/symbol/spr",
"SMP","Standard Motor Products, Inc.","51.36","1172749052.64","n/a","n/a","Capital Goods","Auto Parts:O.E.M.","http://www.nasdaq.com/symbol/smp",
"SWJ","Stanley Black & Decker, Inc.","25","0","n/a","n/a","Capital Goods","Industrial Machinery/Components","http://www.nasdaq.com/symbol/swj",
"SWK","Stanley Black & Decker, Inc.","118.21","17812906971.44","n/a","n/a","Capital Goods","Industrial Machinery/Components","http://www.nasdaq.com/symbol/swk",
"SPLP","Steel Partners Holdings LP","15.65","409294074.4","n/a","n/a","Capital Goods","Industrial Specialties","http://www.nasdaq.com/symbol/splp",
"SRI","Stoneridge, Inc.","17.76","494489602.08","n/a","n/a","Capital Goods","Auto Parts:O.E.M.","http://www.nasdaq.com/symbol/sri",
"STRT","Strattec Security Corporation","42.3","151769058.3","n/a","n/a","Capital Goods","Auto Parts:O.E.M.","http://www.nasdaq.com/symbol/strt",
"RGR","Sturm, Ruger & Company, Inc.","54.15","1027325894.1","n/a","n/a","Capital Goods","Ordnance And Accessories","http://www.nasdaq.com/symbol/rgr",
"SNHY","Sun Hydraulics Corporation","38.24","1029872835.04","n/a","n/a","Capital Goods","Metal Fabrications","http://www.nasdaq.com/symbol/snhy",
"RUN","Sunrun Inc.","5.8","602135839.2","n/a","n/a","Capital Goods","Industrial Specialties","http://www.nasdaq.com/symbol/run",
"SUP","Superior Industries International, Inc.","26.4","671749980","n/a","n/a","Capital Goods","Auto Parts:O.E.M.","http://www.nasdaq.com/symbol/sup",
"STS","Supreme Industries, Inc.","16.68","285049974.36","n/a","n/a","Capital Goods","Construction/Ag Equipment/Trucks","http://www.nasdaq.com/symbol/sts",
"SYPR","Sypris Solutions, Inc.","0.9699","20602800.081","n/a","n/a","Capital Goods","Industrial Machinery/Components","http://www.nasdaq.com/symbol/sypr",
"TASR","TASER International, Inc.","24.55","1283519564.8","n/a","n/a","Capital Goods","Ordnance And Accessories","http://www.nasdaq.com/symbol/tasr",
"TATT","TAT Technologies Ltd.","8.7415","77173843.226","n/a","n/a","Capital Goods","Aerospace","http://www.nasdaq.com/symbol/tatt",
"TTM","Tata Motors Ltd","36.34","24679804456.74","n/a","n/a","Capital Goods","Auto Manufacturing","http://www.nasdaq.com/symbol/ttm",
"TAYD","Taylor Devices, Inc.","15.14","51939299.14","n/a","n/a","Capital Goods","Industrial Machinery/Components","http://www.nasdaq.com/symbol/tayd",
"TMHC","Taylor Morrison Home Corporation","19.15","2286914524.6","n/a","n/a","Capital Goods","Homebuilding","http://www.nasdaq.com/symbol/tmhc",
"TGEN","Tecogen Inc.","4.21","84114259.14","n/a","n/a","Capital Goods","Industrial Machinery/Components","http://www.nasdaq.com/symbol/tgen",
"TDY","Teledyne Technologies Incorporated","122.61","4284159659.16","n/a","n/a","Capital Goods","Industrial Machinery/Components","http://www.nasdaq.com/symbol/tdy",
"TNAV","Telenav, Inc.","7.2","310603788","n/a","n/a","Capital Goods","Industrial Machinery/Components","http://www.nasdaq.com/symbol/tnav",
"TIK","Tel-Instrument Electronics Corp.","4.6","14977080.2","n/a","n/a","Capital Goods","Electrical Products","http://www.nasdaq.com/symbol/tik",
"TEN","Tenneco Inc.","65.25","3591399672","n/a","n/a","Capital Goods","Auto Parts:O.E.M.","http://www.nasdaq.com/symbol/ten",
"TER","Teradyne, Inc.","25.65","5161347172.8","n/a","n/a","Capital Goods","Electrical Products","http://www.nasdaq.com/symbol/ter",
"TEX","Terex Corporation","31.42","3327378000","n/a","n/a","Capital Goods","Construction/Ag Equipment/Trucks","http://www.nasdaq.com/symbol/tex",
"TSLA","Tesla Motors, Inc.","229.01","36890922957.99","n/a","n/a","Capital Goods","Auto Manufacturing","http://www.nasdaq.com/symbol/tsla",
"TXT","Textron Inc.","49.86","13472576464.32","n/a","n/a","Capital Goods","Aerospace","http://www.nasdaq.com/symbol/txt",
"XONE","The ExOne Company","10.02","161435085.72","n/a","n/a","Capital Goods","Industrial Machinery/Components","http://www.nasdaq.com/symbol/xone",
"TMO","Thermo Fisher Scientific Inc","147.27","58175364885.75","n/a","n/a","Capital Goods","Industrial Machinery/Components","http://www.nasdaq.com/symbol/tmo",
"TKR","Timken Company (The)","42.15","3279891164.55","n/a","n/a","Capital Goods","Metal Fabrications","http://www.nasdaq.com/symbol/tkr",
"TOL","Toll Brothers Inc.","31.24","5073469720","n/a","n/a","Capital Goods","Homebuilding","http://www.nasdaq.com/symbol/tol",
"TTC","Toro Company (The)","57.13","6176248145.71","n/a","n/a","Capital Goods","Tools/Hardware","http://www.nasdaq.com/symbol/ttc",
"TOWR","Tower International, Inc.","27.5","559325635","n/a","n/a","Capital Goods","Auto Parts:O.E.M.","http://www.nasdaq.com/symbol/towr",
"TM","Toyota Motor Corp Ltd Ord","120.13","200496819356.98","n/a","n/a","Capital Goods","Auto Manufacturing","http://www.nasdaq.com/symbol/tm",
"TRNS","Transcat, Inc.","10.75","75369669","n/a","n/a","Capital Goods","Electrical Products","http://www.nasdaq.com/symbol/trns",
"TDG","Transdigm Group Incorporated","256.11","13662887642.52","n/a","n/a","Capital Goods","Military/Government/Technical","http://www.nasdaq.com/symbol/tdg",
"TBIO","Transgenomic, Inc.","0.28","6940148.32","n/a","n/a","Capital Goods","Biotechnology: Laboratory Analytical Instruments","http://www.nasdaq.com/symbol/tbio",
"TG","Tredegar Corporation","23.65","778594633.85","n/a","n/a","Capital Goods","Metal Fabrications","http://www.nasdaq.com/symbol/tg",
"TPH","TRI Pointe Group, Inc.","11.55","1848747030.9","n/a","n/a","Capital Goods","Homebuilding","http://www.nasdaq.com/symbol/tph",
"TRS","TriMas Corporation","23.25","1057896948","n/a","n/a","Capital Goods","Industrial Specialties","http://www.nasdaq.com/symbol/trs",
"TRMB","Trimble Inc.","30.44","7627770963.32","n/a","n/a","Capital Goods","Industrial Machinery/Components","http://www.nasdaq.com/symbol/trmb",
"TRN","Trinity Industries, Inc.","28.7","4369768237.1","n/a","n/a","Capital Goods","Railroads","http://www.nasdaq.com/symbol/trn",
"TGI","Triumph Group, Inc.","26.65","1320376275.4","n/a","n/a","Capital Goods","Aerospace","http://www.nasdaq.com/symbol/tgi",
"USCR","U S Concrete, Inc.","60.45","948850462.95","n/a","n/a","Capital Goods","Building Materials","http://www.nasdaq.com/symbol/uscr",
"UCP","UCP, Inc.","12.3","97307698.5","n/a","n/a","Capital Goods","Homebuilding","http://www.nasdaq.com/symbol/ucp",
"UFPT","UFP Technologies, Inc.","25.3","182869614.4","n/a","n/a","Capital Goods","Containers/Packaging","http://www.nasdaq.com/symbol/ufpt",
"UNXL","Uni-Pixel, Inc.","1.04","46845479.2","n/a","n/a","Capital Goods","Industrial Machinery/Components","http://www.nasdaq.com/symbol/unxl",
"UFAB","Unique Fabricating, Inc.","14.05","136521405.3","n/a","n/a","Capital Goods","Auto Parts:O.E.M.","http://www.nasdaq.com/symbol/ufab",
"UAMY","United States Antimony Corporation","0.265","17719563.67","n/a","n/a","Capital Goods","Metal Fabrications","http://www.nasdaq.com/symbol/uamy",
"UTX","United Technologies Corporation","112.55","92674310071.85","n/a","n/a","Capital Goods","Aerospace","http://www.nasdaq.com/symbol/utx",
"OLED","Universal Display Corporation","57.5","2700723135","n/a","n/a","Capital Goods","Electrical Products","http://www.nasdaq.com/symbol/oled",
"UQM","UQM TECHNOLOGIES INC","0.4699","22806464.4581","n/a","n/a","Capital Goods","Industrial Machinery/Components","http://www.nasdaq.com/symbol/uqm",
"USG","USG Corporation","28.92","4224617086.68","n/a","n/a","Capital Goods","Building Materials","http://www.nasdaq.com/symbol/usg",
"VMI","Valmont Industries, Inc.","139.75","3145918259.25","n/a","n/a","Capital Goods","Metal Fabrications","http://www.nasdaq.com/symbol/vmi",
"VEDL","Vedanta  Limited","13.38","9917941283.46","n/a","n/a","Capital Goods","Metal Fabrications","http://www.nasdaq.com/symbol/vedl",
"VICR","Vicor Corporation","15.55","604208840.7","n/a","n/a","Capital Goods","Industrial Machinery/Components","http://www.nasdaq.com/symbol/vicr",
"VSH","Vishay Intertechnology, Inc.","16.2","2364790723.2","n/a","n/a","Capital Goods","Electrical Products","http://www.nasdaq.com/symbol/vsh",
"VPG","Vishay Precision Group, Inc.","18.95","249992246.85","n/a","n/a","Capital Goods","Electrical Products","http://www.nasdaq.com/symbol/vpg",
"VSTO","Vista Outdoor Inc.","38.08","2239461380.8","n/a","n/a","Capital Goods","Ordnance And Accessories","http://www.nasdaq.com/symbol/vsto",
"VC","Visteon Corporation","83.4","2836670105.4","n/a","n/a","Capital Goods","Auto Parts:O.E.M.","http://www.nasdaq.com/symbol/vc",
"VSLR","Vivint Solar, Inc.","2.8","308339505.6","n/a","n/a","Capital Goods","Building Products","http://www.nasdaq.com/symbol/vslr",
"VJET","voxeljet AG","3.38","62868000","n/a","n/a","Capital Goods","Industrial Machinery/Components","http://www.nasdaq.com/symbol/vjet",
"WNC","Wabash National Corporation","16.01","993193254.06","n/a","n/a","Capital Goods","Construction/Ag Equipment/Trucks","http://www.nasdaq.com/symbol/wnc",
"WBC","Wabco Holdings Inc.","105.89","5833099319.56","n/a","n/a","Capital Goods","Auto Manufacturing","http://www.nasdaq.com/symbol/wbc",
"WGBS","WaferGen Bio-systems, Inc.","5","3785545","n/a","n/a","Capital Goods","Biotechnology: Laboratory Analytical Instruments","http://www.nasdaq.com/symbol/wgbs",
"WAT","Waters Corporation","139.98","11279283663.54","n/a","n/a","Capital Goods","Biotechnology: Laboratory Analytical Instruments","http://www.nasdaq.com/symbol/wat",
"WTS","Watts Water Technologies, Inc.","65.25","2233439248.5","n/a","n/a","Capital Goods","Metal Fabrications","http://www.nasdaq.com/symbol/wts",
"WCIC","WCI Communities, Inc.","23.45","617598851.1","n/a","n/a","Capital Goods","Homebuilding","http://www.nasdaq.com/symbol/wcic",
"WAIR","Wesco Aircraft Holdings, Inc.","15.25","1510140400","n/a","n/a","Capital Goods","Wholesale Distributors","http://www.nasdaq.com/symbol/wair",
"WAB","Westinghouse Air Brake Technologies Corporation","84.56","8064777325.36","n/a","n/a","Capital Goods","Railroads","http://www.nasdaq.com/symbol/wab",
"WTT","Wireless Telecom Group,  Inc.","1.7801","33325868.0146","n/a","n/a","Capital Goods","Electrical Products","http://www.nasdaq.com/symbol/wtt",
"WKHS","Workhorse Group, Inc.","6.45","171114352.65","n/a","n/a","Capital Goods","Auto Manufacturing","http://www.nasdaq.com/symbol/wkhs",
"WOR","Worthington Industries, Inc.","47.56","2975448720","n/a","n/a","Capital Goods","Steel/Iron Ore","http://www.nasdaq.com/symbol/wor",
"XCRA","Xcerra Corporation","7.72","418158856.6","n/a","n/a","Capital Goods","Electrical Products","http://www.nasdaq.com/symbol/xcra",
"XYL","Xylem Inc.","49.58","8894395968.88","n/a","n/a","Capital Goods","Fluid Controls","http://www.nasdaq.com/symbol/xyl",
"YECO","Yulong Eco-Materials Limited","0.88","10557521.92","n/a","n/a","Capital Goods","Building Materials","http://www.nasdaq.com/symbol/yeco",
